	accuracy	average_RT	average_water_time	ITI	ISI	condition
0	na	44.394000053405762	2.9340000152587891	0.0	0.0	trialOrders/Full_task_16_trials/Full_task_16_trials20.txt
1	na	24.585500121116638	2.4534999132156372	0.0	0.0	trialOrders/Full_task_16_trials/Full_task_16_trials20.txt
2						
3						
4						
5						
6						
7						
8						
9						
10						
11						
12						
13						
14						
15						
