	trialType	Response	Attempts	RT	waterTime
0	DE	correct		44.39400005340576	2.934000015258789
1	DE	correct		4.777000188827515	1.9729998111724854
2					
3					
4					
5					
6					
7					
8					
9					
10					
11					
12					
13					
14					
15					
